<?xml version="1.0" encoding="UTF-8"?>

<beans  
    xmlns="http://www.springframework.org/schema/beans"  
    xmlns:xsi="http://www.w3.org/2001/XMLSchema-instance"  
    xmlns:p="http://www.springframework.org/schema/p"  
    xsi:schemaLocation="http://www.springframework.org/schema/beans  
                http://www.springframework.org/schema/beans/spring-beans-3.0.xsd">  
                
 
 <bean id="subhash" class="com.subhash.SpringDemo.Employee">
 <property name="id" value="${subhash.id}"></property>
 <property name="name" value="${subhash.name}"></property>
 </bean>
 
 <bean class="com.subhash.SpringDemo.BeanFactoryPP"></bean>
 <bean class="org.springframework.beans.factory.config.PropertyPlaceholderConfigurer">
 <property name="location" value="/com/subhash/SpringDemo/values.properties"></property>
 </bean>
 

 
                
 </beans>